River Flows In You (Money-G Club Mix),Jasper Forks,08:08,,,
Ping Pong (Original Mix),Armin van Buuren,07:42,,,
F-Track (Extended Mix),Showtek,07:38,,,
Illmerica (Original Mix),Wolfgang Gartner,07:25,,,
In My Mind (Orginal Mix),Ivan Gough & Feenixpawl Ft. Georgi Kay,07:23,,,
How I Do,Tapesh ,07:11,,,
All In (Maor Levi Extended Remix),Leon Lour,07:09,,,
Rapture (Avicii New Generation Extended Mix),Nadia Ali,07:08,,,
Magenta (Original Mix),Arno Cost & Julien Arias,07:06,,,
Silhouettes (original mix) (feat. Salem Al Fakir),Avicii; Salem Al Fakir,06:59,,,
Greyhound,Swedish House Mafia,06:50,,,
Maximal Crazy,Tiësto,06:49,,,
City of Dreams (feat. Ruben Haze),Dirty South & Alesso; Ruben Haze,06:44,,,
Losing It (Extended),Fisher,06:40,,,
In My Mind (Axwell mix) (feat. Georgi Kay),Ivan Gough & Feenixpawl; Georgi Kay,06:39,,,
Put Your Hands Up for Detroit (dub mix),Fedde Le Grand,06:33,,,
Where Is Your Mind (Marcapasos Remix),Sun @ Night,06:27,,,
Legacy (Original Mix),Nicky Romero vs. Krewella,06:26,,,
Spaceman,Hardwell,06:19,,,
Get Shaky (Original Mix),The Ian Carey Project,06:19,,,
Clash,Alesso,06:11,,,
Brothers feat. Eric Lumiere (Original Mix),Eric Lumiere/John Christian,06:08,,,
The Pressure (Alesso remix),Nadia Ali,06:06,,,
Castles in the Sky (extended mix),i_o,06:04,,,
Midnight City (Eric Prydz Private Remix),M83,06:01,,,
Tomorowland (Original mix),Ivan Craft,05:56,,,
Colourblind Feat. Kate Elsworth (Original Mix),Thomas Gold,05:56,,,
Tremble (Original Mix),Vicetone,05:53,,,
Activating (Original Mix),Maddix,05:51,,,
Don't Stop 'Til You Get Enough,Michael Jackson,05:51,,,
Payback,Dimitri Vangelis & Wyman X Steve Angello,05:48,,,
How You Love Me (Arston Remix),3LAU,05:46,,,
...Baby One More Time (Davidson Ospina club mix),Britney Spears,05:45,,,
Gimme! Gimme! Gimme! (Sgt Slick's Melbourne Recut),Sgt Slick,05:45,,,
Wake Me Up (original extended mix),Avicii,05:44,,,
Wonderland (feat. Angelika Vee) (Original Mix),Stadiumx,05:44,,,
Falcon (Original Mix),Michael Calfan,05:41,,,
Celebrate (Tommy Trash Club Mix),Tommy Trash,05:38,,,
Legacy (Vicetone Remix),Nicky Romero ,05:38,,,
Levels (original version),Avicii,05:37,,,
No!,Cid,05:37,,,
Far From Home (Extended Mix),David Gravell feat. Ruby Prophet,05:36,,,
Get Loose,Showtek ,05:34,,,
Meet Me in Paris (Extended Mix),Mad Mark,05:32,,,
Wet Dollars (Redlight Remix) - Tazer & Tink,Tazer x Tink,05:29,,,
Edge of Seventeen,Stevie Nicks,05:28,,,
Five Hours,Deorro,05:26,,,
New York City (Dash Berlin Remix - Extended),The Chainsmokers,05:26,,,
How We Do (original mix),Hardwell & Showtek,05:26,,,
Heartbeat (feat. Little Boots) (Extended Mix),John Dahlbäck ,05:26,,,
Take Me (feat. Gloria Kim) (Extended Mix),Will Sparks,05:26,,,
You've Done Enough (Extended Mix),Drama,05:25,,,
Waiting for Love (extended mix),Avicii,05:24,,,
Love Shack,The B-52's,05:24,,,
Don't Give Up (Original Mix),Fedde Le Grand,05:24,,,
Gangsta (Original Mix),Promise Land,05:23,,,
Mesmerized (Original Mix),Matty Lincoln,05:21,,,
Redefined (club mix) (feat. Melanie Fontana & Novaspace),tyDi; Melanie Fontana & Novaspace,05:21,,,
Symphonica (Original Mix),Nicky Romero,05:19,,,
Torrent (Original Mix),Sidney Samson/Martin Garrix,05:19,,,
Lift (Original Mix),Deniz Koyu & Don Palm,05:18,,,
Far From Home (Original Mix),Swanky Tunes & Going Deeper,05:17,,,
Waiting For Love (Sam Feldt Remix),Avicii,05:16,,,
All I Got,Said The Sky;Kwési,05:15,,,
Solo (M-22 remix) (feat. Demi Lovato),Clean Bandit; Demi Lovato,05:15,,,
Swing (Original Mix),Savage/Joel Fletcher,05:15,,,
LRAD,Knife Party,05:15,,,
Bamboo Rush (Original Mix),Repow,05:15,,,
HEX (Original Mix),Tommy Trash & Wax Motif,05:15,,,
Vacant (Galwaro),D!RTY PALM,05:15,,,
Wasting Moonlight (Original Mix),SICK INDIVIDUALS,05:13,,,
Don't You Worry Child (feat. John Martin),Swedish House Mafia; John Martin,05:13,,,
Apollo (original mix) (feat. Amba Shepherd),Hardwell; Amba Shepherd,05:11,,,
Every Teardrop Is a Waterfall,Coldplay vs. Swedish House Mafia,05:11,,,
Cell (Original Mix),Julian Calor,05:09,,,
Crazy G's (Original Mix),Izzy Vadim,05:08,,,
Never Sleep Alone (feat. Tess Comrie) (CID Remix),Kaskade,05:07,,,
Animals,Martin Garrix,05:04,,,
Would I Lie to You (Cash Cash remix),David Guetta,05:03,,,
Symphony (feat. Zara Larsson),Clean Bandit/Zara Larsson,05:03,,,
My Life Is a Party (club mix),ItaloBrothers,05:03,,,
2 up in the Morning (Original Mix),Croatia Squad,05:02,,,
Bring It Back,Will Sparks & Joel Fletcher,05:02,,,
Open Your Mind (Extended Mix),SaberZ,05:01,,,
Resurrection (Axwell's Recut Club Version),Michael Calfan,05:01,,,
Celebration,Kool & The Gang,04:58,,,
Party Like We're Animals (Extended Mix),Klaas,04:58,,,
Oracle (extended mix),Timmy Trumpet,04:56,,,
Koala (Scotty Lee Remix),BlasterJaxx ,04:56,,,
Nothing To Lose (Tom Swoon Edit),Vigel Feat. Laces,04:56,,,
Body Dancing,Qulinez Feat. Belle Humble,04:55,,,
Tremor (Sensation 2014 Anthem) (original mix),Dimitri Vegas & Like Mike & Martin Garrix,04:54,,,
My Life Is a Party (extended mix),ItaloBrothers,04:54,,,
Habits (Stay High),Tove Lo,04:54,,,
Dreaming (The Chainsmokers Remix),Smallpools,04:53,,,
Legion (feat. PRYVT RYN),SNYC,04:52,,,
Madmen (Extended Mix) Cmp3.eu,Tom Budin feat. SWEEDiSH,04:52,,,
Enjoy the Ride (Vicetone Remix),Krewella,04:51,,,
Without Me,Eminem,04:50,,,
Melbourne Sound (Original Mix),Matty Lincoln ,04:50,,,
Melody (Original Mix),Oliver Heldens,04:50,,,
Collide (Original Mix),Splitbreed Hellberg Deutgen,04:49,,,
I Gotta Feeling,The Black Eyed Peas,04:49,,,
Collide,Hellberg  ,04:49,,,
Kuaga (Odd Mob Remix),Pierce Fulton,04:49,,,
Sweetest Addiction (feat. We Ghosts),Rich Edwards; We Ghosts,04:48,,,
Bleed (Original Mix),Timmy Trumpet,04:48,,,
Dying for You (feat. Lindsey Stirling & Alex Aris) (The Him Remix),Otto Knows  ,04:48,,,
Rattle Original Mix,Bingo Players,04:47,,,
Morphine,Thomas Gold Vs Lush & Simon,04:47,,,
Que Pasa (Extended Mix),Armin van Buuren,04:46,,,
I Got U,Duke Dumont ,04:46,,,
Satisfaction (Original Mix),Benny Benassi The Biz,04:45,,,
Unbroken (Extended Mix),Quintino & Yves V Ft. Gia Koka,04:45,,,
Chemical Energy (feat. Flea),Will Sparks; Flea,04:45,,,
Paradise (Tiësto remix),Coldplay,04:44,,,
The Real Slim Shady,Eminem,04:44,,,
Locked Out Of Heaven feat. Jonathan Mendelsohn (Dash Berlin 4AM Extended Mix),Dash Berlin,04:43,,,
When A Fire Starts To Burn (Original Mix),Disclosure,04:43,,,
Shut Your Eyes (Extended Mix),Basto,04:43,,,
Find You (Kevin Drew Remix),ZEDD  ,04:43,,,
Gecko (Overdrive),Oliver Heldens & Becky Hill,04:42,,,
Day 'n' Nite (Crookers remix),Kid Cudi,04:41,,,
New Rules (KREAM Remix),Dua Lipa,04:40,,,
Scared To Be Lonely (DubVision Extended Remix),Martin Garrix,04:39,,,
Derp (Original Mix),Bassjackers ,04:39,,,
Sky Is the Limit (DJ Antoine vs. Mad Mark),DJ Antoine & Mad Mark,04:38,,,
Chained to the Rhythm (Oliver Heldens remix),Katy Perry,04:36,,,
Grapevine (Tujamo Extended Remix),Tiesto,04:36,,,
Flashing Lights (Original Mix),Laidback Luke ,04:36,,,
AnyTime (Extended Mix),Don Diablo,04:34,,,
Rude (Zedd remix),MAGIC!,04:33,,,
Talk (Disclosure VIP),Khalid,04:33,,,
Let There Be House (feat. Chuck Roberts) (Extended Mix),Mosby & Stinson,04:32,,,
Virus (How About Now) (Original Mix),Martin Garrix,04:31,,,
I Don't Care (Original Mix),RAAS,04:31,,,
Ode to Oi,TJR,04:31,,,
Real Mob (Original Mix),Corrupt (UK),04:31,,,
Uptown Funk (feat. Bruno Mars),Mark Ronson ,04:31,,,
Clarity,ZEDD ,04:31,,,
Queef,Deorro ,04:30,,,
Bella Ciao,Hardwell & Maddix,04:30,,,
Bigfoot,W&W,04:30,,,
Lighter Than Air (SaberZ Extended Remix),Feenixpawl,04:29,,,
C.U.B.A,Calvin Harris,04:29,,,
Rock That Body,Black Eyed Peas,04:28,,,
Leave Me Again,BYOR,04:28,,,
Drop That Low (When I Dip) (extended mix),Tujamo,04:27,,,
Kill Me Slow (Extended),MORTEN,04:26,,,
Put Your Hands Up For Detroit (Original mix),Fedde Le Grand,04:25,,,
Koala,Oliver Heldens,04:25,,,
Origami (Original Mix),Florian Picasso,04:23,,,
Oceans (extended mix) (feat. Greyson Chance),tyDi & Jack Novak; Greyson Chance,04:23,,,
Party Rock Anthem (feat. Lauren Bennett & GoonRock),LMFAO; Lauren Bennett & GoonRock,04:22,,,
Wired,Joel Fletcher/Uberjak'd,04:20,,,
Rush Over Me (feat. HALIENE),Seven Lions,04:19,,,
Ribs,Lorde,04:18,,,
Maneater,Nelly Furtado,04:18,,,
Can't Hold Us (feat. Ray Dalton),Macklemore ,04:18,,,
Congratulations feat. Brando (Don Diablo VIP Mix Extended Version),Don Diablo,04:17,,,
Trumpsta feat. Treyy G (Djuro Remix),Treyy G,04:17,,,
Stampede (Original Mix),Dimitri Vegas & Like Mike vs DVBBS & Borgeous,04:17,,,
Release Me,Agnes,04:16,,,
What's Up Suckaz,TJR,04:16,,,
Kiara (extended mix),Ørjan Nilsen,04:15,,,
Crash 2.0 (Adventure Club vs. DallasK),Adventure Club,04:15,,,
Booty Bounce (Original Mix),Tujamo,04:15,,,
 Dancing Alone,Axwell & Ingrosso ,04:13,,,
Can't Feel My Face (Martin Garrix Remix),The Weeknd,04:13,,,
You Can't Change Me (Extended Mix),Don Diablo,04:12,,,
Follow Me (Extended Mix),Maddix,04:11,,,
Faded (Tungevaag & Raaban remix),Alan Walker,04:11,,,
Hideaway,Kiesza,04:11,,,
Retrograde,Hardwell,04:11,,,
Bouncybob,Martin Garrix  ,04:11,,,
I Will Never Let You Down (R3hab Remix),Rita Ora,04:11,,,
Faded (Tiesto's Northern Lights remix),Alan Walker,04:10,,,
Yeah! (feat. Lil' Jon & Ludacris),Usher; Lil' Jon & Ludacris,04:10,,,
Pay No Mind (feat. Passion Pit),Madeon ,04:09,,,
Big Girl (You Are Beautiful),MIKA,04:08,,,
Wave Your Hands (Original Mix) ,Bassjackers & Thomas Newson,04:08,,,
I'm Still Hot (R3hab remix),Luciana,04:08,,,
Wake Me Up,Avicii,04:07,,,
You Know You Like It,AlunaGeorge,04:07,,,
Something Just Like This,The Chainsmokers & Coldplay,04:07,,,
Burning (Extended Mix),Nicky Romero,04:06,,,
No Money (extended mix),Galantis,04:06,,,
Heey Ya (Extended Mix),Quintino,04:06,,,
Closer,Halsey,04:05,,,
Open Heart (feat. Lissie),Morgan Page; Lissie,04:04,,,
Scary Monsters and Nice Sprites (Original Mix),Skrillex,04:03,,,
Sonar,Sonar ,04:03,,,
L'amour Toujours (Radio Version),Gigi D'Agostino,04:02,,,
D.A.N.C.E (Original Mix),Justice,04:02,,,
SexyBack (feat. Timbaland),Justin Timberlake; Timbaland,04:02,,,
Vitality (Original Mix),Aneesh Chengappa,04:00,,,
A Little Party Never Killed Nobody (All We Got),Fergie + Q Tip + GoonRock,04:00,,,
Heart Afire,Defqwop ,04:00,,,
Riders On The Storm (feat. Troy Denari) (Extended Mix),Yves V,03:58,,,
Gold skies,Sander Van Doorn,03:57,,,
Tsunami (Original Mix),DVBBS ,03:57,,,
Be Right There,Diplo,03:57,,,
Ultraviolet (Extended Mix),Funkin Matt,03:57,,,
Used To Love,Martin Garrix ,03:57,,,
Piece Of Your Heart (Alok Extended Remix),Meduza Ft. Goodboys,03:56,,,
My Way feat. Alice Berg (Marcus Santoro Extended Remix),Nicky Romero Alice Berg,03:56,,,
Work Out,J. Cole,03:55,,,
Hey Ya!,OutKast,03:55,,,
King In The North,Marnik ,03:55,,,
Riverside 2099,Oliver Heldens ,03:55,,,
Trivia (Original Mix),Ralvero & Jimmy Clash,03:55,,,
Born To Run (Extended Mix),Dr. Phunk,03:54,,,
Burnin,Calvin Harris with R3HAB,03:54,,,
Fiesta (Michael Mind Project Radio Edit),Carlprit,03:54,,,
Need U (100%),Duke Dumont ,03:54,,,
Spaceman (Carnage Festival Trap remix),Hardwell,03:54,,,
Hipsta (Original Mix),Chardy,03:53,,,
Oops,Martin Garrix,03:53,,,
Sextape : Sextape,Mike Candys  ,03:53,,,
You Used To (Extended Mix),Nicky Romero,03:52,,,
Hold On (Extended Mix),musicbyLukas & Mastrovita,03:52,,,
Flashlight (Original Mix),Deorro,03:51,,,
Flashlight,Deorro,03:51,,,
Werk (Extended Mix),CID,03:51,,,
Baylamtu (Extended Mix),LVNDSCAPE,03:51,,,
Konnichiwa,Mike Williams,03:51,,,
Raindrops (Avao Remix),Stunt,03:50,,,
Remember the Name (feat. Styles of Beyond),Styles of Beyond,03:50,,,
From Me (Extended Mix),Zookëper,03:50,,,
Ain't No Other Man (Original Mix),Christina Aguilera,03:48,,,
Centuries,Fall Out Boy,03:48,,,
Flames (Pink Panda Remix),David Guetta ,03:48,,,
Come With Me,Third Party,03:48,,,
Runaway (U & I),Galantis,03:47,,,
Sweet But Psycho (Morgan Page Remix),Ava Max,03:47,,,
Switch,BlasterJaxx ,03:47,,,
City Of Dreams (Radio Edit),Dirty South  ,03:47,,,
Mr. Brightside,Don Diablo,03:47,,,
Proteus,Passenger 10,03:47,,,
No Words (feat. Belle Humble),Sander van doorn ,03:47,,,
Feeling Good (Bassnectar Remix),Bassnectar,03:46,,,
Gold,Kiiara,03:46,,,
Arcade,Dimitri Vegas & Like Mike ,03:45,,,
How Bad Do You Want It (Oh Yeah),Sevyn Streeter,03:45,,,
Ocean (Extended Mix),SICK INDIVIDUALS/Justin Prime/Lasada,03:44,,,
Destination Calabria feat. Crystal Waters (Radio Edit),Alex Gaudino,03:43,,,
Look At Me Now (feat. Lil' Wayne & Busta Rhymes),Chris Brown  ,03:43,,,
Raptor (Original Club Mix),Mike Candys,03:42,,,
Summer,Calvin Harris,03:42,,,
Mr Brightside,The Killers,03:42,,,
Remember,Gryffin ,03:42,,,
Cha Cha Slide (radio edit),DJ Casper,03:41,,,
Primadonna,Marina and the Diamonds,03:41,,,
Rapture (Avicii New Generation radio edit),Nadia Ali,03:41,,,
Middle,DJ Snake ,03:41,,,
Reload,Sebastian Ingrosso  ,03:41,,,
What I Like About You,Jonas Blue ,03:40,,,
Astronomia 2K17,VAVO,03:40,,,
X Gon' Give It to Ya,DMX,03:39,,,
Shake It Off,Taylor Swift,03:39,,,
Ah Yeah (TJR Edit),Will Sparks,03:39,,,
Tropicali (Club Mix Edit),Darius & Finlay,03:39,,,
Boom,Kubi & Hubba,03:39,,,
Happy Bounce (Original Mix),Lixtz,03:38,,,
Happy Bounce (Original Mix),Lixtz,03:38,,,
Secrets (Riggi & Piros Remix) (feat. Vassy),Tiësto & KSHMR; Vassy,03:38,,,
BAM BAM (Extended Mix),Merk & Kremont,03:37,,,
Call You Mine,The Chainsmokers,03:37,,,
We Are Family,Sister Sledge,03:36,,,
Jackie Chan (feat. Preme & Post Malone),Tiësto & Dzeko; Preme & Post Malone,03:35,,,
Lullabye (Original Mix),Lockdown,03:34,,,
You Don't Know Me (Radio Edit),Raye,03:34,,,
Summertime Sadness (Lana Del Rey Vs. Cedric Gervais) (Cedric Gervais Remix / Radio Edit),Cedric Gervais Lana Del Rey,03:34,,,
Pon de Replay (Album Version),Rihanna,03:34,,,
Give Dem (Kaskade Remix),Diplo  ,03:34,,,
Das Geht Boom (Shag Ragga) (Radio Edit),Harris & Ford,03:33,,,
Turn Down For What,DJ Snake & Lil' Jon,03:33,,,
Animal,R.I.O. ,03:33,,,
Must Be The Love (Dannic Remix),ARTY   ,03:32,,,
Smack That,Akon ,03:32,,,
Pablo (Extended Mix),Orkestrated/Joel Fletcher/MLBRN,03:32,,,
Skydance (Extended Mix),W&W,03:31,,,
...Baby One More Time,Britney Spears,03:31,,,
The Hum,Dimitri Vegas & Like Mike ,03:31,,,
One Night in Bangkok (Vinylshakerz Screen Cut),Vinylshakerz,03:31,,,
Lions in the Wild,Martin Garrix & Third Party,03:30,,,
Karate,KSHMR,03:30,,,
Yottabyte,Martin Garrix,03:30,,,
Feelings For You (Radio Edit),Switch Off ,03:30,,,
Sexy Bounce,Wist ,03:30,,,
Poetry In Motion feat. Kris Kiss (Extended Mix),KURA,03:29,,,
Graveyard,Axwell,03:29,,,
Karate (Original Mix),KSHMR,03:29,,,
Take Over Control,Afrojack ,03:29,,,
New Rules,Dua Lipa,03:29,,,
Energy,Luca Testa,03:29,,,
We Like to Party (Radio Edit),Showtek,03:29,,,
How You Love Me (Original Mix),3LAU,03:28,,,
Memories (feat. Kid Cudi),David Guetta; Kid Cudi,03:28,,,
I Could Be The One,Avicii,03:28,,,
Nessaja,Scooter,03:28,,,
Nevada (Original Mix),Vicetone Cozi Zuehlsdorff,03:28,,,
Feel So Close (Radio Edit),Calvin Harris,03:28,,,
Silk Road,DJ Blyatman,03:28,,,
Do It Again,Pia Mia  ,03:28,,,
Paradise,Tigerlily Featuring Meghan Kabir,03:28,,,
Cut to the Feeling,Carly Rae Jepsen,03:27,,,
Takeaway (Original Mix),The Chainsmokers Illenium Lennon Stella,03:27,,,
Grapevine (Extended Mix),Tiesto,03:27,,,
Let Me Go,i_o  ,03:27,,,
Faith,Moguai ,03:26,,,
Far Away (Radio Edit),Klaas Featuring Jelle Van Dael,03:25,,,
Gummy (feat. brando) (Cheyenne Giles Remix),Loud Luxury; Brando,03:25,,,
Bills,LunchMoney Lewis,03:25,,,
Symphony (Dr Phunk Remix),Sick Individuals,03:24,,,
Goodbye,Goodboys,03:24,,,
Another Love (Dimitri Vangelis & Wyman Remix),Tom Odell,03:24,,,
Giving You Up,Ben Nicky Sarah de Warren,03:23,,,
Kick Out The Epic Motherf**ker,Dada Life,03:23,,,
Helicopter (Original Mix Edit),Martin Garrix,03:23,,,
"5,6,7,8",Steps,03:22,,,
United We Dance (Radio Edit),Vicetone,03:22,,,
Silence,Marshmello ,03:22,,,
No More (Bottai Edit),Alex Gaudino,03:21,,,
Kalinka (Radio Edit),Finger & Kadel,03:21,,,
Seek Bromance (Avicii vocal edit),Tim Berg,03:21,,,
Toxic,Britney Spears,03:20,,,
Coco Jamboo (Calippo Remix Edit),Angelika Vee,03:20,,,
One Heart (Radio Edit),ItaloBrothers  ,03:20,,,
In Motion,Lika Morgan,03:20,,,
Like Home (Radio Edit),Nicky Romero ,03:20,,,
The Power Of Now,Steve Aoki ,03:20,,,
Higher Ground,TNGHT (Hudson Mohawke x Lunice)  ,03:20,,,
No Promises (feat. Demi Lovato) (Ashworth Remix),Demi Lovato,03:19,,,
Sexy and I Know It,LMFAO,03:19,,,
Remedy,Little Boots,03:19,,,
Dreams,Jolyon Petch,03:19,,,
1999 (R3HAB remix),Charli XCX & Troye Sivan,03:19,,,
Bird Machine,DJ Snake & Alesia,03:18,,,
God's Plan,Drake,03:18,,,
Ritual,Rita Ora,03:18,,,
I Wanna Know,NOTD ,03:18,,,
Into You (3LAU remix),Ariana Grande,03:17,,,
Everytime We Touch,Cascada,03:17,,,
Stamp On The Ground (Radio Edit),ItaloBrothers,03:17,,,
Won't Be Me (with Mary N'Diaye),MOTi ,03:17,,,
Get Me Out,Orkestrated ,03:17,,,
Lily,Alan Walker  ,03:16,,,
The Silmarillia,BlasterJaxx,03:16,,,
Cola (Robin Schulz Remix),CamelPhat ,03:16,,,
Keep Your Head Up (feat. Little Giants) (Club Edit),Lucas & Steve  ,03:16,,,
Sweat,Snoop Dogg ,03:16,,,
Don't Let Me Down (feat. Daya) (W&W Remix),The Chainsmokers ,03:16,,,
E.T. (Benny Benassi radio edit),Katy Perry,03:16,,,
Spread Love (Paddington) [feat. DVNO] (Original Mix),Boston Bun,03:15,,,
Heaven (feat. Veronica),Riggi & Piros,03:15,,,
P.Y.T. (Pretty Young Thing),John Gibbons,03:15,,,
Crushin' It (Original Mix),Jono Toscano,03:15,,,
Crushin' It (Original Mix),Jono Toscano,03:15,,,
Silence (Slushii Remix),Marshmello,03:14,,,
Angels & Demons (Darren Styles Edit),D-Block & S-te-Fan,03:14,,,
Where Them Girls At,David Guetta,03:14,,,
Ah Yeah So What (feat. Wiley & Elen Levon),Will Sparks; Wiley & Elen Levon,03:14,,,
Vroom Vroom,Charli XCX,03:13,,,
Changed the Way You Kiss Me (Radio Edit),Example,03:13,,,
Deep Inside,John Dahlbäck,03:13,,,
Sandcastles (Radio Edit),Volt & State,03:13,,,
Here U R (Fatum Remix),Win and Woo,03:12,,,
Single Ladies (Put A Ring On It),Beyoncé,03:12,,,
Million Voices (Radio Edit),Otto Knows,03:12,,,
The Light (Original Mix),Holl & Rush,03:12,,,
All Day (Extended Mix),Kill FM,03:12,,,
Dream on the Dancefloor,Basshunter,03:11,,,
Promises,Fancy Cars ,03:11,,,
No Money,Galantis,03:11,,,
Float Alone (Radio Edit),Lash  ,03:11,,,
Let's Go,Lucas & Steve  ,03:11,,,
Daylight (Airbeat One Anthem 2018) (Original Mix),Fluex,03:11,,,
Spaceship (feat. Uffie) (Shndō Remix),Uffie,03:10,,,
Roses (Zaxx remix) (feat. ROZES),The Chainsmokers; ROZES,03:10,,,
Beast (all as One) (Original Mix),Ummet Ozcan Brennan Heart Dimitri Vegas & Like Mike,03:10,,,
Raven,John Dahlbäck,03:10,,,
1999 (feat. Troye Sivan),Charli XCX; Troye Sivan,03:09,,,
Faded,Skazi,03:09,,,
Kirigami,Florian Picasso,03:09,,,
Like That (Original Club Mix),Mike Candys,03:09,,,
Flacko (Original Mix),Joel Fletcher,03:08,,,
Golden Pineapple,Jay Hardway,03:08,,,
Like You Used To,John Dahlbäck,03:08,,,
Tight,Kaskade ,03:08,,,
Runaway,Mike Perry,03:07,,,
Ready,Bassjackers ,03:07,,,
Pandora 2012 (Video Edit),ItaloBrothers,03:07,,,
Crazy Sexy Wild (Original Mix),Inna,03:06,,,
Girls,Brohug,03:06,,,
Know You,Kill The Buzz  ,03:06,,,
Rasputin,Majestic ,03:06,,,
Last Forever,Manse,03:06,,,
Kids,KSHMR,03:05,,,
Ritual (Benny Benassi & BB Team remix),Tiësto,03:05,,,
Non Stop (feat. Mary Grace) (Extended Mix),Zootah,03:05,,,
Coco's Miracle,Fedde Le Grand and Dannic vs. CoCo Star,03:05,,,
Symphony (Dash Berlin remix) (feat. Zara Larsson),Clean Bandit; Zara Larsson,03:05,,,
Under Control (feat. Hurts),Calvin Harris with Alesso; Hurts,03:04,,,
Blah Blah Blah,Armin van Buuren,03:04,,,
Crazy (Dash Berlin Remix),Lost Frequencies & Zonderling,03:04,,,
Howl At The Moon (Radio Edit),Stadiumx ,03:04,,,
Supernova,Galwaro,03:03,,,
My My My,Armand van Helden,03:02,,,
Replay,Iyaz,03:02,,,
Cyka Blyat,DJ Blyatman & Russian Village Boys,03:02,,,
Sleep When We're Dead (Video Edit),ItaloBrothers,03:02,,,
Dum Dee Dum (JiKay Remix),Keys N Krates,03:02,,,
Tongue Tied (Duke & Jones Remix),Marshmello  ,03:02,,,
Rise Up (feat. Vamero),VINAI ,03:02,,,
The World,Sander van doorn,03:01,,,
The Motto (feat. Lil Wayne),Drake; Lil Wayne,03:01,,,
"Dance, Dance",Fall Out Boy,03:00,,,
Takeaway (Andrew Rayel Remix),The Chainsmokers,03:00,,,
Show Me Love (EDX Remix / Radio Edit),Sam Feldt ,03:00,,,
I Am You (Radio Edit),Tom Swoon ,03:00,,,
All This Time (Timmy Trumpet Remix),Deorro,02:58,,,
From Paris To Berlin (Casino Radio Mix),Infernal,02:58,,,
The Diner,Kaskade ,02:58,,,
Breach (Walk Alone),Martin Garrix ,02:58,,,
Lean On (feat. MØ & DJ Snake),Major Lazer  ,02:57,,,
Starry Eyes (Steerner Remix),Young Bombs,02:57,,,
HUMBLE.,Kendrick Lamar,02:56,,,
Animals (Radio Edit),Martin Garrix,02:56,,,
Done (R3hab Remix),Nikki Vianna; R3hab,02:56,,,
Catch (Radio Edit),Will Sparks,02:56,,,
SAD (Imanbek xxx Extended Mix),Rasster,02:55,,,
Shout feat. Ane (Mike Candys Remix),Max Lean,02:55,,,
Sweet Little Lies,Bülow,02:55,,,
Heart Monitor Riddem,Kurupt FM,02:54,,,
Th3 0ne (feat. Funkz),Lush & Simon  ,02:54,,,
Theme O,Madison Mars,02:53,,,
Alone No More,Philip George ,02:53,,,
Side Effects (feat. Emily Warren) (Fedde Le Grand Remix),The Chainsmokers ,02:52,,,
The One (feat. EBBA) - Helion Remix,Sk-Hall,02:49,,,
Teenage Crime,Adrian Lux,02:49,,,
Swing (Joel Fletcher Remix),Joel Fletcher & Savage,02:49,,,
Lose Control,Meduza  ,02:48,,,
Freaks (Radio Edit),Timmy Trumpet ,02:48,,,
Monster (Robin Schulz Remix),Lum!x & Gabry Ponte,02:47,,,
Love Me A Little (Radio Edit),Riggi & Piros,02:47,,,
Stitches (Seeb Remix),Shawn Mendes,02:47,,,
Bring It Back,Max Styler,02:45,,,
SOS (Laidback Luke Tribute remix / radio edit) (feat. Aloe Blacc),Avicii; Aloe Blacc,02:45,,,
Resurrection (Axwell's Recut Radio Edit),Michael Calfan,02:45,,,
Switch Back,Quintino,02:45,,,
Tomorrow (feat. 433),Tiësto ,02:45,,,
Like A Prayer,Galwaro,02:44,,,
Zion,PBH & Jack Shizzle,02:44,,,
Dumb (feat. Charlott Boss),Timmy Trumpet; Charlott Boss,02:43,,,
Fall Apart,DubVision,02:43,,,
Body,Loud Luxury ,02:43,,,
Heartbeat,Metrush,02:43,,,
Ratata,TV Noise,02:43,,,
Falling,Wahlstedt,02:42,,,
I Wanna Know You,PBH & Jack Shizzle,02:41,,,
Creep,R3HAB ,02:41,,,
Oh Baby (Original Mix),Seizo,02:40,,,
One (Your Name) (radio edit) (feat. Pharrell),Swedish House Mafia; Pharrell,02:40,,,
Baby,Bakermat,02:40,,,
Intoxicated (Radio Edit),Martin Solveig ,02:40,,,
All Comes Back To You,R3HAB,02:40,,,
All I Want,Alok  ,02:39,,,
Give it Back,DJ Fluke,02:38,,,
Not So Bad (feat. Emie) (Robert Falcon Remix),Yves V  ,02:38,,,
All Falls Down (feat. Juliander) (Mark Villa Remix),Alan Walker   ,02:37,,,
Are You Lonely (feat. ISÁK),Steve Aoki  ,02:37,,,
Mayhem,Steve Aoki ,02:37,,,
Mama (feat. Ellie Goulding) (Tiësto’s Big Room Remix),Clean Bandit ,02:36,,,
Hikari,Florian Picasso,02:36,,,
I Was Made,Le Pedre,02:35,,,
In The Club,Thomas Newson,02:34,,,
Monster,LUM!X ,02:34,,,
Mad World,Timmy Trumpet x Gabry Ponte,02:33,,,
Shingaling,Tom Swoon,02:33,,,
Wait For Me,The Runaways,02:33,,,
Saxamaphone (Night Mix),Dave Winnel,02:32,,,
Find Yourself,John O'Callaghan featuring Sarah Howells,02:32,,,
I Wish I Was a Punk Rocker (with Flowers in My Hair),Sandi Thom,02:32,,,
Bromance (Avicii Remix),Tim Berg,02:30,,,
Peru,Tungevaag,02:28,,,
The One (Radio Edit),W&W,02:25,,,
UFO (Radio Edit),Vigiland,02:24,,,
Fulfill,Charmes,02:22,,,
Candy Shop (feat. James Wilson & Irma),Olympis,02:09,,,
Paris,David Guetta,02:06,,,
Dum Dum,Baauer,02:02,,,
The Alphabeat,David Guetta,02:01,,,
Toy Story,David Guetta,01:47,,,
Glasgow,David Guetta,01:42,,,
Let Me Think About It (radio edit),Ida Corr vs. Fedde Le Grand,01:39,,,
Day 'n' Nite (Crookers remix),Kid Cudi,01:38,,,
Metro Music,David Guetta,01:37,,,
Lighter Than Air (SaberZ Extended Remix),Feenixpawl,01:19,,,
Dreams,David Guetta,00:31,,,